access_point1,access_point2,dist
1,2,606.5515
1,3,1682.5281
1,4,5364.731
1,5,16081.693
1,6,15910.996
1,31,8913.135
1,30,13503.01
1,29,25831.248
1,24,32404.553
1,23,12086.964
1,25,36575.42
1,27,32992.9
1,28,37716.367
1,26,23339.709
1,22,60860.227
1,10,88167.76
1,11,58746.37
1,12,22126.133
1,13,28643.178
1,32,43167.6
1,33,22338.445
1,14,14121.869
1,15,11968.835
1,7,939.97925
1,8,10214.705
1,9,10305.928
1,16,30998.209
1,17,24900.818
1,18,25584.4
1,19,35537.99
1,20,26231.447
1,21,40886.957
1,34,14697.849
1,35,16565.14
1,36,32404.553
1,37,12966.017
1,38,55146.684
1,39,65073.242
1,41,20675.346
2,1,670.5913
2,3,285.58636
2,4,2332.395
2,5,10116.427
2,6,10031.346
2,31,4832.8164
2,30,8389.229
2,29,18829.467
2,24,24847.344
2,23,18254.984
2,25,43719.977
2,27,40203.504
2,28,29878.402
2,26,30401.625
2,22,52824.406
2,10,103962.65
2,11,72146.05
2,12,30078.377
2,13,37664.25
2,32,54706.26
2,33,30829.121
2,14,21016.74
2,15,18331.188
2,7,3162.3428
2,8,16659.803
2,9,16657.252
2,16,39874.258
2,17,32238.518
2,18,32784.812
2,19,43346.36
2,20,33399.633
2,21,50495.895
2,34,21595.799
2,35,10888.156
2,36,24847.344
2,37,19006.83
2,38,47053.81
2,39,79119.95
2,41,28455.28
3,1,1599.7773
3,2,239.76462
3,4,1033.9626
3,5,7008.0664
3,6,6973.406
3,31,2863.1873
3,30,5752.92
3,29,14890.477
3,24,20475.385
3,23,22231.44
3,25,47669.35
3,27,44255.574
3,28,25244.488
3,26,34547.027
3,22,47663.234
3,10,91535.51
3,11,79626.42
3,12,34744.758
3,13,42850.617
3,32,61332.406
3,33,35914.1
3,14,25227.45
3,15,22270.22
3,7,4942.435
3,8,20726.646
3,9,20682.033
3,16,44917.22
3,17,36512.113
3,18,36967.906
3,19,47699.13
3,20,37552.406
3,21,55790.53
3,34,25791.197
3,35,7871.8896
3,36,20475.385
3,37,23160.346
3,38,41959.59
3,39,86876.67
3,41,33046.445
4,1,4703.615
4,2,2125.3384
4,3,1012.4581
4,5,2507.585
4,6,2524.4841
4,31,486.20145
4,30,1930.8029
4,29,8167.893
4,24,12568.17
4,23,29953.951
4,25,53607.004
4,27,50606.742
4,28,16574.578
4,26,41678.21
4,22,36740.867
4,10,78868.81
4,11,91710.266
4,12,42981.07
4,13,51693.082
4,32,72616.3
4,33,45233.637
4,14,33161.59
4,15,29840.062
4,7,9461.9
4,8,28605.875
4,9,28495.143
4,16,53320.36
4,17,43783.754
4,18,44031.406
4,19,54480.574
4,20,44517.418
4,21,64099.246
4,34,33640.6
4,35,3294.9067
4,36,12568.17
4,37,31481.693
4,38,31467.064
4,39,99142.19
4,41,41225.418
5,1,8574.982
5,2,6583.9434
5,3,5548.2236
5,4,3761.8706
5,6,12.944272
5,31,2450.2937
5,30,1470.6653
5,29,10071.365
5,24,13959.861
5,23,27288.887
5,25,47575.996
5,27,45037.47
5,28,17820.918
5,26,37466.4
5,22,35957.016
5,10,74043.68
5,11,83484.33
5,12,39317.426
5,13,46853.902
5,32,66694.1
5,33,42366.39
5,14,31190.613
5,15,28395.23
5,7,12274.539
5,8,26751.646
5,9,26622.44
5,16,48184.53
5,17,39289.906
5,18,39493.82
5,19,48503.773
5,20,39889.684
5,21,57584.87
5,34,31500.87
5,35,4895.292
5,36,13959.861
5,37,27984.654
5,38,31209.031
5,39,96552.46
5,41,37790.74
6,1,8944.529
6,2,6882.0264
6,3,5767.1255
6,4,3797.5127
6,5,14.601126
6,31,2421.786
6,30,1419.8239
6,29,9909.423
6,24,13650.5205
6,23,27413.201
6,25,47134.73
6,27,44683.543
6,28,17433.441
6,26,37335.36
6,22,35147.66
6,10,72612.39
6,11,83301.35
6,12,39340.305
6,13,46794.957
6,32,66708.9
6,33,42564.61
6,14,31380.88
6,15,28612.268
6,7,12673.874
6,8,26973.354
6,9,26836.416
6,16,48051.48
6,17,39138.137
6,18,39319.043
6,19,48137.375
6,20,39696.203
6,21,57283.086
6,34,31664.309
6,35,4840.2197
6,36,13650.5205
6,37,28140.953
6,38,30497.11
6,39,94784.93
6,41,37835.35
31,1,7971.7393
31,2,4524.58
31,3,2812.765
31,4,480.13318
31,5,1908.4689
31,6,1857.0671
31,30,778.59045
31,29,4870.5063
31,24,8698.428
31,23,37240.797
31,25,60142.48
31,27,57312.33
31,28,12197.335
31,26,48664.78
31,22,31180.809
31,10,72509.555
31,11,101744.04
31,12,50407.58
31,13,59600.43
31,32,81960.14
31,33,53119.695
31,14,40197.03
31,15,36596.535
31,7,13762.909
31,8,35708.21
31,9,35571.85
31,16,61000.246
31,17,50871.26
31,18,51009.73
31,19,61439.78
31,20,51454.28
31,21,71850.89
31,34,40654.906
31,35,1317.2544
31,36,8698.428
31,37,39421.035
31,38,26128.371
31,39,98164.6
31,41,48596.977
30,1,10742.938
30,2,7202.681
30,3,5239.329
30,4,2069.7627
30,5,1470.6653
30,6,1362.7046
30,31,783.9617
30,29,4190.6416
30,24,6539.502
30,23,37067.63
30,25,54957.94
30,27,52903.31
30,28,9396.307
30,26,46193.69
30,22,24676.621
30,10,60584.914
30,11,90027.305
30,12,49003.086
30,13,57361.344
30,32,79653.805
30,33,52867.418
30,14,40275.113
30,15,36983.523
30,7,16349.97
30,8,36106.805
30,9,35938.414
30,16,58193.176
30,17,48205.734
30,18,48157.215
30,19,56915.43
30,20,48442.83
30,21,67551.11
30,34,40534.79
30,35,1734.5588
30,36,6539.502
30,37,39177.49
30,38,20468.549
30,39,83217.39
30,41,47395.98
29,1,20409.092
29,2,15692.363
29,3,12856.161
29,4,7693.07
29,5,7965.531
29,6,7742.857
29,31,5012.9053
29,30,5052.7734
29,24,862.2965
29,23,51150.363
29,25,65043.418
29,27,63611.637
29,28,2090.1714
29,26,58333.184
29,22,13512.495
29,10,44826.9
29,11,72313.164
29,12,61854.44
29,13,70273.664
29,32,89907.984
29,33,66565.766
29,14,53438.473
29,15,49986.04
29,7,27266.164
29,8,49815.613
29,9,49627.695
29,16,70513.84
29,17,60321.777
29,18,60050.824
29,19,67778.055
29,20,60207.78
29,21,79027.54
29,34,53595.086
29,35,1544.4811
29,36,862.2965
29,37,54219.598
29,38,10128.771
29,39,65796.35
29,41,60311.957
24,1,27577.932
24,2,22693.207
24,3,19570.828
24,4,13478.948
24,5,13783.457
24,6,13504.342
24,31,9932.655
24,30,10288.902
24,29,853.50543
24,23,56073.91
24,25,64220.51
24,27,63597.914
24,28,895.58417
24,26,60351.46
24,22,9004.434
24,10,34893.58
24,11,58127.105
24,12,64633.164
24,13,72058.88
24,32,73499.32
24,33,70169.74
24,14,57824.656
24,15,54740.375
24,7,34289.016
24,8,54882.734
24,9,54691.812
24,16,71734.88
24,17,62104.164
24,18,61657.574
24,19,67591.24
24,20,61655.855
24,21,78625.79
24,34,57796.742
24,35,4598.9194
24,37,59292.164
24,38,6413.813
24,39,52546.652
24,41,63328.324
23,1,14226.963
23,2,16852.807
23,3,18584.25
23,4,22360.39
23,5,29896.395
23,6,29705.879
23,31,25198.105
23,30,28118.62
23,29,36428.094
23,24,39788.145
23,25,17992.371
23,27,16103.506
23,28,43246.723
23,26,10501.099
23,22,58200.71
23,10,82953.92
23,11,58870.03
23,12,14832.252
23,13,21567.338
23,32,44827.64
23,33,24463.357
23,14,11170.898
23,15,8778.702
23,7,10601.31
23,8,1648.0442
23,9,1024.0488
23,16,21355.186
23,17,11970.308
23,18,12064.072
23,19,19040.63
23,20,12321.207
23,21,23218.26
23,34,8891.368
23,35,30674.676
23,36,39788.145
23,37,1292.5344
23,38,54277.63
23,39,64259.066
23,41,12489.153
25,1,33354.84
25,2,38544.758
25,3,41857.06
25,4,48533.266
25,5,60398.36
25,6,60084.18
25,31,52700.754
25,30,56677.29
25,29,63920.258
25,24,65585.72
25,23,17300.846
25,27,235.00372
25,28,66707.68
25,26,2499.7053
25,22,73476.1
25,10,99641.49
25,11,78710.086
25,12,17055.654
25,13,24423.867
25,32,64631.36
25,33,42322.363
25,14,19663.184
25,15,15759.76
25,7,26515.781
25,8,17403.139
25,9,15917.048
25,16,13244.828
25,17,7060.7583
25,18,3868.4707
25,19,8820.464
25,20,2983.8591
25,21,12009.473
25,34,12994.177
25,35,59004.984
25,36,65585.72
25,37,20654.627
25,38,71290.98
25,39,83762.4
25,41,14962.705
27,1,32672.502
27,2,38312.902
27,3,41974.89
27,4,49490.387
27,5,63270.28
27,6,62916.465
27,31,54265.42
27,30,58975.055
27,29,67518.016
27,24,69962.875
27,23,16316.545
27,25,225.42134
27,28,71090.64
27,26,1314.2983
27,22,76497.01
27,10,94888.484
27,11,75749.31
27,12,14708.823
27,13,21845.674
27,32,62400.336
27,33,40740.44
27,14,17535.936
27,15,13719.132
27,7,25398.262
27,8,16106.69
27,9,14626.955
27,16,10556.491
27,17,5097.378
27,18,2400.564
27,19,6563.2773
27,20,1662.9913
27,21,9344.493
27,34,11013.24
27,35,61573.426
27,36,69962.875
27,37,20045.248
27,38,74737.63
27,39,80452.37
27,41,12725.119
28,1,37144.418
28,2,30893.734
28,3,26870.922
28,4,18877.62
28,5,19909.984
28,6,19547.242
28,31,14147.029
28,30,15004.401
28,29,2506.12
28,24,1074.367
28,23,73407.25
28,25,81594.21
28,27,80753.85
28,26,77560.87
28,22,4901.3716
28,10,27567.549
28,11,50527.004
28,12,81311.15
28,13,89331.86
28,32,66553.39
28,33,90846.53
28,14,73778.09
28,15,70282.38
28,7,45531.496
28,8,71312.375
28,9,71124.15
28,16,88682.37
28,17,79291.48
28,18,78789.1
28,19,84541.586
28,20,78801.06
28,21,95426.8
28,34,73799.61
28,35,7253.343
28,36,1074.367
28,37,77721.695
28,38,2964.9045
28,39,44824.67
28,41,79961.945
26,1,28476.703
26,2,34544.695
26,3,38653.934
26,4,47447.453
26,5,64578.547
26,6,64161.54
26,31,53305.055
26,30,59395.332
26,29,71104.26
26,24,75345.83
26,23,13344.195
26,25,2376.4883
26,27,1230.126
26,28,77596.69
26,22,84370.14
26,10,77002.29
26,11,62780.94
26,12,7815.4756
26,13,14897.567
26,32,52124.81
26,33,33711.793
26,14,11906.501
26,15,8768.234
26,7,21049.184
26,8,12502.349
26,9,11216.452
26,16,4733.0654
26,17,1445.0801
26,18,331.94916
26,19,2446.537
26,20,158.39192
26,21,4223.4443
26,34,6573.8955
26,35,62709.2
26,36,75345.83
26,37,17480.084
26,38,82845.35
26,39,66359.68
26,41,7481.349
22,1,67410.61
22,2,59307.742
22,3,53833.43
22,4,42301.46
22,5,44298.418
22,6,43765.453
22,31,34934.86
22,30,36832.758
22,29,13190.101
22,24,9384.776
22,23,110897.17
22,25,119056.414
22,27,117065.21
22,28,4913.2466
22,26,113243.7
22,10,9303.979
22,11,24802.373
22,12,114548.805
22,13,121584.945
22,32,37833.312
22,33,59346.832
22,14,108098.01
22,15,104690.34
22,7,77590.77
22,8,107502.26
22,9,107348.74
22,16,120036.41
22,17,114052.55
22,18,113879.21
22,19,117300.75
22,20,114145.75
22,21,124178.89
22,34,108074.27
22,35,23319.496
22,36,9384.776
22,37,116744.21
22,38,264.0
22,39,20508.113
22,41,113531.93
10,1,82015.266
10,2,91512.42
10,3,92249.9
10,4,77941.08
10,5,80752.99
10,6,80085.8
10,31,68353.375
10,30,71189.76
10,29,37152.492
10,24,31182.105
10,23,80764.92
10,25,95175.85
10,27,91534.6
10,28,23219.982
10,26,84123.67
10,22,8050.0244
10,11,5783.6416
10,12,79983.83
10,13,85011.76
10,32,14025.867
10,33,30010.037
10,14,74604.91
10,15,71647.34
10,7,70329.28
10,8,76136.62
10,9,76051.01
10,16,83610.516
10,17,84004.13
10,18,84963.62
10,19,88571.12
10,20,85806.79
10,21,85851.445
10,34,74716.45
10,35,52479.832
10,36,31182.105
10,37,87707.3
10,38,10697.332
10,39,3490.9775
10,41,79403.4
11,1,46335.645
11,2,54701.55
11,3,60684.266
11,4,74296.44
11,5,103428.32
11,6,102786.41
11,31,83912.15
11,30,94783.81
11,29,64076.254
11,24,57523.855
11,23,46647.664
11,25,64011.78
11,27,59769.44
11,28,48308.016
11,26,50675.633
11,22,27367.137
11,10,5734.909
11,12,42306.29
11,13,43771.37
11,32,1860.0
11,33,9242.916
11,14,38890.2
11,15,37150.13
11,7,36709.348
11,8,42073.484
11,9,42068.74
11,16,44803.926
11,17,50333.613
11,18,51869.367
11,19,57067.258
11,20,52874.836
11,21,48245.055
11,34,39136.816
11,35,80884.04
11,36,57523.855
11,37,52900.805
11,38,31575.521
11,39,312.0
11,41,42202.68
12,1,23846.533
12,2,30430.229
12,3,35213.707
12,4,46135.63
12,5,69361.63
12,6,68842.484
12,31,53904.168
12,30,62568.99
12,29,80401.164
12,24,88322.125
12,23,16641.953
12,25,16661.9
12,27,13514.653
12,28,93131.16
12,26,6965.696
12,22,109736.85
12,10,44547.344
12,11,36192.508
12,13,3041.1719
12,32,31720.807
12,33,21972.197
12,14,3373.3123
12,15,1957.9397
12,7,16545.402
12,8,13617.644
12,9,13585.307
12,16,1029.6168
12,17,3477.1
12,18,7581.36
12,19,3959.517
12,20,8420.471
12,21,3707.4275
12,34,990.41034
12,35,67199.836
12,36,88322.125
12,37,21450.307
12,38,106273.695
12,39,37642.18
12,41,118.79394
13,1,29155.19
13,2,36611.473
13,3,42077.516
13,4,54699.125
13,5,82095.27
13,6,81498.11
13,31,63756.547
13,30,74064.57
13,29,95277.445
13,24,105236.44
13,23,23901.922
13,25,28913.918
13,27,24718.045
13,28,111244.98
13,26,15549.914
13,22,132874.42
13,10,41537.645
13,11,32189.094
13,12,4035.2605
13,32,30273.291
13,33,24659.385
13,14,5652.5454
13,15,4048.1208
13,7,20984.863
13,8,19157.033
13,9,19180.39
13,16,6787.887
13,17,11383.989
13,18,16844.178
13,19,11468.675
13,20,17822.66
13,21,11009.621
13,34,2895.9556
13,35,79388.84
13,36,105236.44
13,37,29539.604
13,38,128336.32
13,39,33384.41
13,41,3822.6643
32,1,35850.11
32,2,44231.254
32,3,50360.332
32,4,64548.637
32,5,95618.99
32,6,94950.27
32,31,74743.6
32,30,86470.97
32,29,87727.17
32,24,80354.08
32,23,38264.043
32,25,60967.625
32,27,55921.95
32,28,69640.836
32,26,44634.703
32,22,43833.773
32,10,13950.167
32,11,1860.0
32,12,34207.83
32,13,35108.473
32,33,2979.273
32,14,29351.002
32,15,27897.006
32,7,26584.91
32,8,33173.555
32,9,33221.27
32,16,38570.84
32,17,44618.887
32,18,46343.105
32,19,53819.22
32,20,47494.082
32,21,44257.56
32,34,30017.744
32,35,92370.68
32,36,80354.08
32,37,44701.99
32,38,49230.883
32,39,3612.0
32,41,33898.47
33,1,20316.557
33,2,27034.85
33,3,32122.42
33,4,44182.992
33,5,71154.64
33,6,70583.445
33,31,53061.973
33,30,63363.125
33,29,85188.164
33,24,95751.68
33,23,23085.852
33,25,44718.684
33,27,40047.61
33,28,82104.26
33,26,29365.36
33,22,56793.797
33,10,23777.686
33,11,8036.915
33,12,19180.88
33,13,19854.006
33,32,3293.1323
33,14,14703.033
33,15,14081.271
33,7,13322.496
33,8,18723.783
33,9,18807.92
33,16,23888.781
33,17,29504.29
33,18,31104.768
33,19,38795.816
33,20,32143.848
33,21,30234.773
33,34,15537.903
33,35,68769.555
33,36,95751.68
33,37,28293.223
33,38,62270.707
33,39,10694.646
33,41,18787.775
14,1,13663.431
14,2,18961.432
14,3,23053.168
14,4,32851.652
14,5,54772.88
14,6,54305.266
14,31,40156.88
14,30,48557.855
14,29,66843.27
14,24,75387.445
14,23,11125.082
14,25,24417.041
14,27,20682.53
14,28,81069.79
14,26,12136.429
14,22,102397.01
14,10,39017.145
14,11,23346.094
14,12,3311.003
14,13,4460.651
14,32,17093.756
14,33,8909.016
14,15,347.4994
14,7,8333.19
14,8,7856.686
14,9,7925.508
14,16,7326.616
14,17,12244.157
14,18,13565.376
14,19,13480.537
14,20,14379.996
14,21,12956.768
14,34,846.66003
14,35,53228.26
14,36,75387.445
14,37,15100.777
14,38,97637.92
14,39,26202.008
14,41,2891.2566
15,1,11581.811
15,2,16405.596
15,3,20126.02
15,4,29004.879
15,5,48683.688
15,6,48258.06
15,31,35622.266
15,30,43147.754
15,29,59695.27
15,24,67197.56
15,23,8528.489
15,25,19297.762
15,27,16073.799
15,28,72312.41
15,26,8731.023
15,22,91377.06
15,10,41956.605
15,11,26539.516
15,12,2262.5337
15,13,4141.2607
15,32,19555.484
15,33,9466.184
15,14,291.91824
15,7,6715.128
15,8,5818.661
15,9,5858.591
15,16,5955.7144
15,17,8820.483
15,18,9975.194
15,19,11599.387
15,20,10665.59
15,21,11142.508
15,34,219.0964
15,35,47467.793
15,36,67197.56
15,37,12034.574
15,38,87074.37
15,39,29480.846
15,41,1754.6688
7,1,792.4739
7,2,2631.7852
7,3,4525.158
7,4,9882.885
7,5,23649.361
7,6,23393.863
7,31,14480.519
7,30,20118.7
7,29,34215.082
7,24,41318.2
7,23,7541.1855
7,25,30190.543
7,27,26574.307
7,28,46816.1
7,26,17205.24
7,22,69767.61
7,10,71291.945
7,11,44949.594
7,12,14729.819
7,13,19995.686
7,32,31596.908
7,33,14279.715
7,14,7983.0474
7,15,6442.0186
7,8,5210.671
7,9,5396.051
7,16,22455.78
7,17,18426.701
7,18,19260.475
7,19,28392.04
7,20,19939.541
7,21,31381.236
7,34,8555.23
7,35,23687.877
7,36,41318.2
7,37,9048.293
7,38,64220.215
7,39,50477.38
7,41,13492.287
8,1,7019.117
8,2,8752.099
8,3,10332.277
8,4,14665.29
8,5,25441.975
8,6,25233.268
8,31,18402.326
8,30,22833.982
8,29,34528.492
8,24,40115.72
8,23,1639.4486
8,25,22586.994
8,27,19691.762
8,28,44786.69
8,26,11966.303
8,22,64382.477
8,10,73781.73
8,11,48797.52
8,12,13634.5205
8,13,19258.873
8,32,35444.07
8,33,17369.773
8,14,7607.741
8,15,5807.009
8,7,5352.9453
8,9,144.0
8,16,20824.625
8,17,13222.194
8,18,13778.917
8,19,21856.049
8,20,14284.9
8,21,26494.652
8,34,7527.5513
8,35,25971.195
8,36,40115.72
8,37,2403.1792
8,38,59532.168
8,39,54156.574
8,41,11748.289
9,1,8645.417
9,2,10529.692
9,3,12074.113
9,4,16106.87
9,5,25761.139
9,6,25565.174
9,31,19529.088
9,30,23483.877
9,29,34188.88
9,24,39138.586
9,23,890.66626
9,25,20558.955
9,27,17960.684
9,28,43462.3
9,26,10889.136
9,22,61686.066
9,10,75577.39
9,11,50990.95
9,12,13337.321
9,13,19235.238
9,32,37521.902
9,33,18873.377
9,14,8167.8525
9,15,6208.0117
9,7,6451.819
9,8,144.0
9,16,20509.697
9,17,12186.568
9,18,12615.29
9,19,20313.912
9,20,13048.044
9,21,24791.143
9,34,7376.107
9,35,26448.805
9,36,39138.586
9,37,1493.3164
9,38,57115.332
9,39,56324.17
9,41,11569.831
16,1,33522.348
16,2,41045.406
16,3,46358.082
16,4,58214.543
16,5,82858.31
16,6,82297.91
16,31,66436.5
16,30,75501.96
16,29,93434.586
16,24,101318.85
16,23,23297.088
16,25,14009.594
16,27,11007.768
16,28,105707.3
16,26,5118.7144
16,22,119947.03
16,10,57235.316
16,11,51869.387
16,12,1065.2557
16,13,8117.7803
16,32,46285.05
16,33,33656.77
16,14,7882.087
16,15,5425.9165
16,7,24834.332
16,8,20243.201
16,9,20158.205
16,17,1126.5052
16,18,3272.269
16,19,959.0886
16,20,4779.5493
16,21,846.3109
16,34,3754.0327
16,35,80145.81
16,36,101318.85
16,37,28767.725
16,38,117208.45
16,39,53251.043
16,41,1478.3849
17,1,28290.506
17,2,34767.42
17,3,39299.797
17,4,49304.543
17,5,69663.68
17,6,69188.51
17,31,56185.242
17,30,63604.86
17,29,78341.72
17,24,84354.65
17,23,14588.127
17,25,7208.4043
17,27,5130.264
17,28,87767.8
17,26,1486.3092
17,22,98430.99
17,10,62866.43
17,11,53115.848
17,12,3250.4246
17,13,11454.628
17,32,45313.746
17,33,30481.951
17,14,10055.11
17,15,7595.407
17,7,20708.316
17,8,12877.996
17,9,11874.32
17,16,1139.0342
17,18,1653.2389
17,19,2541.4932
17,20,2056.5996
17,21,2494.0232
17,34,5859.5806
17,35,67580.77
17,36,84354.65
17,37,19145.37
17,38,96302.97
17,39,55544.06
17,41,3720.3835
18,1,30519.121
18,2,37065.34
18,3,41553.1
18,4,51276.5
18,5,70605.516
18,6,70145.11
18,31,57827.633
18,30,64773.066
18,29,78178.53
18,24,83409.65
18,23,15310.688
18,25,4133.393
18,27,2496.7266
18,28,86161.76
18,26,317.02164
18,22,94134.3
18,10,72799.72
18,11,61098.633
18,12,6918.675
18,13,14468.244
18,32,51628.324
18,33,34461.793
18,14,12239.69
18,15,9244.312
18,7,22642.842
18,8,13961.397
18,9,12752.278
18,16,3671.1936
18,17,1294.2076
18,19,1027.7731
18,20,274.14294
18,21,2264.834
18,34,7118.099
18,35,68447.7
18,36,83409.65
18,37,19863.607
18,38,92587.43
18,39,64142.684
18,41,7674.2563
19,1,38728.74
19,2,46301.957
19,3,51552.96
19,4,63078.152
19,5,86542.266
19,6,85998.73
19,31,70927.77
19,30,79457.25
19,29,95913.53
19,24,102931.01
19,23,22566.889
19,25,8953.217
19,27,6430.589
19,28,106592.79
19,26,2420.5833
19,22,117614.24
19,10,71558.664
19,11,64173.758
19,12,3187.5376
19,13,12964.847
19,32,56437.29
19,33,40892.707
19,14,11806.775
19,15,8799.577
19,7,29763.496
19,8,20291.633
19,9,19149.062
19,16,838.77057
19,17,1783.7297
19,18,1030.8451
19,20,2033.2717
19,21,266.62073
19,34,6801.291
19,35,83771.24
19,36,102931.01
19,37,27997.42
19,38,115661.016
19,39,66379.05
19,41,3841.0425
20,1,33114.695
20,2,39771.0
20,3,44260.57
20,4,53843.082
20,5,72544.66
20,6,72092.695
20,31,60185.637
20,30,66825.17
20,29,79266.99
20,24,83968.836
20,23,16691.197
20,25,2980.0442
20,27,1630.5286
20,28,86201.516
20,26,158.39192
20,22,92145.984
20,10,81666.64
20,11,68126.44
20,12,9048.908
20,13,17372.977
20,32,57335.12
20,33,38349.53
20,14,14562.302
20,15,11133.012
20,7,24939.766
20,8,15526.463
20,9,14175.594
20,16,5435.81
20,17,2185.0103
20,18,231.7443
20,19,2008.7867
20,21,3562.915
20,34,8675.873
20,35,70268.16
20,36,83968.836
20,37,21293.879
20,38,91007.04
20,39,71675.25
20,41,9610.8545
21,1,43335.426
21,2,51579.816
21,3,57286.117
21,4,69811.375
21,5,95418.67
21,6,94829.766
21,31,78330.59
21,30,87650.91
21,29,105482.1
21,24,113315.586
21,23,30979.992
21,25,11908.791
21,27,8988.136
21,28,117319.305
21,26,4164.009
21,22,129577.45
21,10,74920.69
21,11,68873.54
21,12,3701.574
21,13,14512.812
21,32,61194.637
21,33,45370.254
21,14,13515.997
21,15,10186.665
21,7,33553.6
21,8,27863.129
21,9,27740.152
21,16,917.4191
21,17,2545.909
21,18,2265.1494
21,19,294.05243
21,20,3619.596
21,34,7918.8584
21,35,92242.15
21,36,113315.586
21,37,36961.38
21,38,127455.125
21,39,70976.51
21,41,4497.3994
34,1,14789.558
34,2,20046.418
34,3,23999.35
34,4,33254.39
34,5,53359.54
34,6,52916.355
34,31,40026.348
34,30,47634.586
34,29,64028.918
34,24,71299.04
34,23,10278.03
34,25,16680.627
34,27,13674.365
34,28,76121.69
34,26,7067.4053
34,22,93610.164
34,10,42696.7
34,11,29492.727
34,12,1140.9047
34,13,2978.7795
34,32,23214.508
34,33,13048.544
34,14,846.66003
34,15,238.57901
34,7,9255.74
34,8,7661.425
34,9,7665.9917
34,16,3940.3213
34,17,6905.713
34,18,8085.984
34,19,8582.9795
34,20,8752.189
34,21,8215.355
34,35,51947.203
34,36,71299.04
34,37,14075.54
34,38,89729.445
34,39,31997.33
34,41,782.27893
35,1,15645.642
35,2,10821.727
35,3,8112.7417
35,4,3527.4873
35,5,4589.249
35,6,4413.767
35,31,1489.9321
35,30,1848.3037
35,29,1342.1536
35,24,4215.1797
35,23,50772.46
35,25,71322.086
35,27,68883.73
35,28,6491.184
35,26,61088.87
35,22,22573.082
35,10,60811.01
35,11,93516.17
35,12,63488.445
35,13,73149.82
35,32,97401.04
35,33,67043.72
35,14,53054.27
35,15,49117.71
35,7,22998.227
35,8,48878.152
35,9,48709.266
35,16,74062.76
35,17,63360.84
35,18,63310.668
35,19,73243.13
35,20,63667.637
35,21,84569.195
35,34,53446.234
35,36,4215.1797
35,37,53996.13
35,38,18130.195
35,39,85853.26
35,41,61658.94
36,1,27577.932
36,2,22693.207
36,3,19570.828
36,4,13478.948
36,5,13783.457
36,6,13504.342
36,31,9932.655
36,30,10288.902
36,29,853.50543
36,23,56073.91
36,25,64220.51
36,27,63597.914
36,28,895.58417
36,26,60351.46
36,22,9004.434
36,10,34893.58
36,11,58127.105
36,12,64633.164
36,13,72058.88
36,32,73499.32
36,33,70169.74
36,14,57824.656
36,15,54740.375
36,7,34289.016
36,8,54882.734
36,9,54691.812
36,16,71734.88
36,17,62104.164
36,18,61657.574
36,19,67591.24
36,20,61655.855
36,21,78625.79
36,34,57796.742
36,35,4598.9194
36,37,59292.164
36,38,6413.813
36,39,52546.652
36,41,63328.324
37,1,15653.634
37,2,17019.924
37,3,17757.225
37,4,19765.127
37,5,25676.805
37,6,25602.115
37,31,21910.984
37,30,24641.062
37,29,33492.914
37,24,38166.637
37,23,1076.9825
37,25,28252.633
37,27,25443.707
37,28,42462.684
37,26,17384.912
37,22,61954.355
37,10,96282.086
37,11,67389.04
37,12,21476.973
37,13,28988.988
37,32,51160.53
37,33,28744.01
37,14,14665.842
37,15,12061.78
37,7,12884.215
37,8,2732.4233
37,9,2107.5408
37,16,30145.6
37,17,19101.768
37,18,19445.398
37,19,28596.02
37,20,19906.396
37,21,33849.17
37,34,13714.832
37,35,27023.445
37,36,38166.637
37,38,56956.695
37,39,73778.836
37,41,19013.42
38,1,59674.664
38,2,52026.86
38,3,46896.344
38,4,36186.59
38,5,37942.613
38,6,37448.45
38,31,29422.258
38,30,31078.479
38,29,9933.564
38,24,6643.699
38,23,101086.74
38,25,108072.32
38,27,106462.14
38,28,2979.2424
38,26,103337.69
38,22,264.0
38,10,12537.0625
38,11,29521.488
38,12,105541.2
38,13,112740.42
38,32,43108.65
38,33,65091.95
38,14,99029.35
38,15,95636.11
38,7,69385.75
38,8,98034.64
38,9,97871.93
38,16,111308.375
38,17,104372.74
38,18,104019.875
38,19,107696.47
38,20,104155.56
38,21,115904.27
38,34,98986.16
38,35,18869.352
38,36,6643.699
38,37,106556.72
38,39,24960.775
38,41,104466.01
39,1,52540.605
39,2,61006.504
39,3,66997.336
39,4,80517.016
39,5,100193.55
39,6,99556.36
39,31,88186.086
39,30,91050.65
39,29,55973.027
39,24,49686.332
39,23,52214.324
39,25,67912.25
39,27,63934.97
39,28,40974.09
39,26,55576.996
39,22,21824.291
39,10,3460.2146
39,11,312.0
39,12,48308.05
39,13,50569.566
39,32,3612.0
39,33,12884.117
39,14,44967.99
39,15,43012.55
39,7,42630.105
39,8,47766.547
39,9,47740.45
39,16,50387.227
39,17,55156.13
39,18,56594.324
39,19,60993.52
39,20,57550.73
39,21,53011.723
39,34,45105.3
39,35,72172.35
39,36,49686.332
39,37,58486.316
39,38,25581.746
39,41,48178.258
41,1,23075.322
41,2,29376.81
41,3,33934.273
41,4,44289.152
41,5,66125.63
41,6,65632.586
41,31,51626.465
41,30,59744.156
41,29,76456.69
41,24,83708.83
41,23,14754.77
41,25,15434.544
41,27,12626.461
41,28,88135.414
41,26,6930.3813
41,22,103219.87
41,10,47781.09
41,11,38790.8
41,12,118.79394
41,13,3744.3684
41,32,33330.22
41,33,22281.203
41,14,3417.4485
41,15,1936.3893
41,7,16037.522
41,8,12111.254
41,9,12055.09
41,16,1183.4581
41,17,3172.0952
41,18,6912.6494
41,19,3853.4849
41,20,8248.75
41,21,3653.038
41,34,857.23566
41,35,64143.305
41,36,83708.83
41,37,19295.473
41,38,100061.93
41,39,40554.285