wkt_geom,id,building_id,level,age,access_point,time,comment,function,population
LINESTRING(30.317922 59.968461;30.317922 59.968461;30.317922 59.968461;30.317922 59.968461;30.317922 59.968461;30.317643 59.968521;30.317643 59.968521;30.317947 59.968509;30.317922 59.968461;30.317922 59.968461),9,1,1,0,1,4,salon krasoti,service,2
LINESTRING(30.317015 59.968222;30.317208 59.968098;30.317981 59.968416;30.317927 59.968458;30.317647 59.968517;30.317015 59.968222),14,1,3,0,1,0,hotel,service,0
LINESTRING(30.317015 59.968222;30.317217 59.968093;30.317981 59.968416;30.317927 59.968458;30.317647 59.968517;30.317015 59.968222),15,1,4,0,1,0,n/a,empty,0
LINESTRING(30.317015 59.968222;30.317208 59.968098;30.317748 59.968327;30.317615 59.968387;30.317542 59.968348;30.317404 59.968405;30.317015 59.968222;30.317015 59.968222),16,1,5,0,1,0,n/a,empty,0
LINESTRING(30.317748 59.968327;30.317981 59.968416;30.317927 59.968458;30.317647 59.968517;30.317505 59.968458;30.317748 59.968327),17,1,5,2,1,4,make it center,education,2
LINESTRING(30.317647 59.968517;30.317694 59.968603;30.317980 59.968569;30.317922 59.968461;30.317643 59.968521;30.317643 59.968521),18,1,5,2,1,4,krysha bar,restaurant,2
LINESTRING(30.318146 59.968551;30.318194 59.968655;30.317914 59.968686;30.317871 59.968588;30.318146 59.968551;30.318146 59.968551),68,12,1,3,1,4,mister chan,restaurant,1
LINESTRING(30.317317 59.968146;30.317317 59.968146;30.317505 59.968219;30.317400 59.968272;30.317221 59.968194;30.317317 59.968146;30.317317 59.968146),6,1,1,0,2,4,produkti,retail,3
LINESTRING(30.317652 59.968284;30.317404 59.968405;30.317647 59.968517;30.317927 59.968458;30.317981 59.968416;30.317656 59.968288;30.317656 59.968288),7,1,1,3,2,4,chou chou,restaurant,2
LINESTRING(30.317505 59.968219;30.317652 59.968284;30.317404 59.968405;30.317285 59.968348;30.317505 59.968219),8,1,1,3,2,2,burlesque entrance,entertainment,3
LINESTRING(30.317084 59.968249;30.317317 59.968146;30.317981 59.968416;30.317927 59.968458;30.317647 59.968517;30.317285 59.968348;30.317285 59.968348),11,1,2,3,2,2,burlesque2nd floor,entertainment,3
LINESTRING(30.317217 59.968093;30.317208 59.968098;30.316896 59.968080;30.316947 59.968222;30.317015 59.968222;30.317084 59.968249;30.317317 59.968146;30.317208 59.968098;30.317208 59.968098),5,1,1,3,3,4,ugly fashion shop,retail,2
LINESTRING(30.316896 59.968080;30.317208 59.968098;30.317317 59.968146;30.317084 59.968249;30.317015 59.968222;30.316947 59.968222;30.316896 59.968080),10,1,2,2,3,4,salon strijki,service,1
LINESTRING(30.316896 59.968080;30.317208 59.968098;30.317015 59.968222;30.316947 59.968222;30.316896 59.968080;30.316896 59.968080),12,1,3,0,3,0,n/a,empty,0
LINESTRING(30.316947 59.968222;30.316896 59.968080;30.317208 59.968098;30.317015 59.968222;30.316947 59.968222;30.316947 59.968222),13,1,4,0,3,0,n/a,empty,0
LINESTRING(30.316098 59.968039;30.316135 59.968198;30.316419 59.968195;30.316387 59.968055;30.316103 59.968037;30.316103 59.968037),19,2,1,3,4,4,stomatology,service,2
LINESTRING(30.316387 59.968055;30.316896 59.968080;30.316947 59.968222;30.316813 59.968200;30.316419 59.968195;30.316387 59.968055;30.316387 59.968055),20,2,1,3,4,4,helix,service,2
LINESTRING(30.316135 59.968198;30.316813 59.968200;30.316947 59.968222;30.316896 59.968080;30.316103 59.968037;30.316135 59.968198),29,2,2,3,4,1,helix,service,1
LINESTRING(30.316982 59.968418;30.316947 59.968222;30.316813 59.968200;30.316707 59.968230;30.316712 59.968335;30.316767 59.968411;30.316982 59.968418;30.316982 59.968418),25,2,1,3,5,1,helix,service,1
LINESTRING(30.316982 59.968418;30.316947 59.968222;30.316813 59.968200;30.316707 59.968230;30.316712 59.968335;30.316767 59.968411;30.316982 59.968418;30.316982 59.968418),26,2,2,3,5,1,helix,service,1
LINESTRING(30.316982 59.968418;30.316947 59.968222;30.316813 59.968200;30.316707 59.968230;30.316712 59.968335;30.316767 59.968411;30.316982 59.968418;30.316982 59.968418),27,2,3,3,5,1,helix,service,1
LINESTRING(30.316982 59.968418;30.316947 59.968222;30.316813 59.968200;30.316707 59.968230;30.316712 59.968335;30.316767 59.968411;30.316982 59.968418;30.316982 59.968418),28,2,4,3,5,1,helix,service,1
LINESTRING(30.316167 59.968301;30.316263 59.968661;30.317009 59.968560;30.316982 59.968418;30.316309 59.968502;30.316231 59.968301;30.316171 59.968303;30.316171 59.968303),21,2,1,3,6,1,helix,service,1
LINESTRING(30.316167 59.968301;30.316263 59.968661;30.317009 59.968560;30.316982 59.968418;30.316309 59.968502;30.316231 59.968301;30.316171 59.968303;30.316171 59.968303),22,2,2,3,6,1,helix,service,1
LINESTRING(30.316167 59.968301;30.316263 59.968661;30.317009 59.968560;30.316982 59.968418;30.316309 59.968502;30.316231 59.968301;30.316171 59.968303;30.316171 59.968303),23,2,3,3,6,1,helix,service,1
LINESTRING(30.316167 59.968301;30.316263 59.968661;30.317009 59.968560;30.316982 59.968418;30.316309 59.968502;30.316231 59.968301;30.316171 59.968303;30.316171 59.968303),24,2,4,3,6,1,helix,service,1
LINESTRING(30.317571 59.969034;30.317669 59.969218;30.318053 59.969168;30.318070 59.969205;30.318420 59.969165;30.318194 59.968655;30.317914 59.968686;30.317922 59.968707;30.317820 59.968720;30.317962 59.968985;30.317571 59.969034;30.317571 59.969034),70,12,1,3,7,1,garant,office,2
LINESTRING(30.317111 59.968802;30.317820 59.968720;30.317962 59.968985;30.317571 59.969034;30.317669 59.969218;30.318053 59.969168;30.318070 59.969205;30.318420 59.969165;30.318146 59.968551;30.317057 59.968685;30.317111 59.968802;30.317111 59.968802),71,12,2,3,7,1,garant,office,2
LINESTRING(30.317111 59.968802;30.317820 59.968720;30.318070 59.969205;30.318420 59.969165;30.318146 59.968551;30.317057 59.968685;30.317111 59.968802;30.317111 59.968802),72,12,3,3,7,2,nightclub,entertainment,2
LINESTRING(30.317111 59.968802;30.317820 59.968720;30.318070 59.969205;30.318420 59.969165;30.318146 59.968551;30.317057 59.968685;30.317111 59.968802;30.317111 59.968802),73,12,4,3,7,2,office,office,1
LINESTRING(30.317111 59.968802;30.317057 59.968685;30.317868 59.968584;30.317922 59.968707;30.317111 59.968802;30.317111 59.968802),69,12,1,3,8,1,n/a,office,1
LINESTRING(30.317303 59.968778;30.317323 59.968834;30.317133 59.968852;30.317111 59.968802;30.317303 59.968778;30.317303 59.968778),64,12,1,0,9,n/a,n/a,empty,0
LINESTRING(30.317303 59.968778;30.317323 59.968834;30.317133 59.968852;30.317111 59.968802;30.317303 59.968778;30.317303 59.968778),65,12,2,0,9,n/a,n/a,empty,0
LINESTRING(30.317303 59.968778;30.317323 59.968834;30.317133 59.968852;30.317111 59.968802;30.317303 59.968778;30.317303 59.968778),66,12,3,0,9,n/a,n/a,empty,0
LINESTRING(30.317303 59.968778;30.317323 59.968834;30.317133 59.968852;30.317111 59.968802;30.317303 59.968778;30.317303 59.968778),67,12,4,0,9,n/a,n/a,empty,0
LINESTRING(30.314650 59.970734;30.314668 59.970871;30.315171 59.970854;30.315145 59.970719;30.314650 59.970734;30.314650 59.970734),109,18,1,3,10,4,interiernii salon,retail,1
LINESTRING(30.315145 59.970719;30.315171 59.970854;30.316683 59.970803;30.316640 59.970481;30.316312 59.970492;30.316337 59.970677;30.315145 59.970719;30.315145 59.970719),110,18,1,0,10,n/a,n/a,empty,0
LINESTRING(30.314650 59.970734;30.314668 59.970871;30.315171 59.970854;30.315145 59.970719;30.314650 59.970734;30.314650 59.970734),111,18,4,3,10,1,institut geoproekynii,production,1
LINESTRING(30.315145 59.970719;30.315171 59.970854;30.316683 59.970803;30.316640 59.970481;30.316312 59.970492;30.316337 59.970677;30.315145 59.970719;30.315145 59.970719),112,18,4,0,10,n/a,n/a,empty,0
LINESTRING(30.314650 59.970734;30.314668 59.970871;30.316683 59.970803;30.316640 59.970481;30.316312 59.970492;30.316337 59.970677;30.314650 59.970734;30.314650 59.970734),113,18,2,0,10,n/a,n/a,empty,0
LINESTRING(30.314650 59.970734;30.314668 59.970871;30.316683 59.970803;30.316640 59.970481;30.316312 59.970492;30.316337 59.970677;30.314650 59.970734;30.314650 59.970734),114,18,3,0,10,n/a,n/a,empty,0
LINESTRING(30.316677 59.970752;30.317741 59.970721;30.317720 59.970487;30.317690 59.970314;30.317218 59.970327;30.317229 59.970555;30.316653 59.970575;30.316676 59.970752;30.316676 59.970752),30,17,1,3,11,1,group M,production,1
LINESTRING(30.317211 59.970089;30.317666 59.970078;30.317741 59.970721;30.316677 59.970752;30.316653 59.970575;30.317229 59.970555;30.317211 59.970089;30.317211 59.970089),32,17,2,3,11,1,group M,production,1
LINESTRING(30.317211 59.970089;30.317666 59.970078;30.317741 59.970721;30.316677 59.970752;30.316653 59.970575;30.317229 59.970555;30.317211 59.970089;30.317211 59.970089),33,17,3,3,11,1,group M,production,1
LINESTRING(30.317211 59.970089;30.317666 59.970078;30.317741 59.970721;30.316677 59.970752;30.316653 59.970575;30.317229 59.970555;30.317211 59.970089;30.317211 59.970089),34,17,4,3,11,1,group M,production,1
LINESTRING(30.317218 59.970327;30.317211 59.970089;30.317666 59.970078;30.317690 59.970314;30.317218 59.970327;30.317218 59.970327),31,17,1,2,12,4,gallery,art,1
LINESTRING(30.317701 59.970385;30.317690 59.970314;30.317863 59.970314;30.317969 59.970589;30.317868 59.970592;30.317888 59.970720;30.318032 59.970722;30.318034 59.970747;30.318029 59.970798;30.317749 59.970798;30.317720 59.970487;30.317778 59.970485;30.317778 59.970397;30.317701 59.970385;30.317690 59.970314;30.317701 59.970385),35,16,1,0,13,n/a,n/a,empty,0
LINESTRING(30.317701 59.970385;30.317690 59.970314;30.317863 59.970314;30.317969 59.970589;30.317868 59.970592;30.317888 59.970720;30.318032 59.970722;30.318034 59.970747;30.318029 59.970798;30.317749 59.970798;30.317720 59.970487;30.317778 59.970485;30.317778 59.970397;30.317701 59.970385;30.317690 59.970314;30.317701 59.970385),36,16,2,0,13,n/a,n/a,empty,0
LINESTRING(30.317981 59.969251;30.318271 59.969211;30.318644 59.969880;30.318354 59.969920;30.317981 59.969251;30.317981 59.969251),37,13,1,0,14,n/a,n/a,empty,0
LINESTRING(30.317981 59.969251;30.318271 59.969211;30.318644 59.969880;30.318354 59.969920;30.317981 59.969251;30.317981 59.969251),38,13,2,0,14,n/a,n/a,empty,0
LINESTRING(30.317981 59.969251;30.318271 59.969211;30.318644 59.969880;30.318354 59.969920;30.317981 59.969251;30.317981 59.969251),39,13,3,0,14,n/a,n/a,empty,0
LINESTRING(30.317981 59.969251;30.318271 59.969211;30.318644 59.969880;30.318354 59.969920;30.317981 59.969251;30.317981 59.969251),40,13,4,0,14,n/a,n/a,empty,0
LINESTRING(30.317548 59.969800;30.317245 59.969291;30.317601 59.969237;30.317904 59.969747;30.317548 59.969800;30.317548 59.969800),41,19,1,3,15,1,n/a,office,1
LINESTRING(30.317548 59.969800;30.317245 59.969291;30.317601 59.969237;30.317904 59.969747;30.317548 59.969800;30.317548 59.969800),42,19,2,0,15,0,n/a,empty,0
LINESTRING(30.317548 59.969800;30.317245 59.969291;30.317601 59.969237;30.317904 59.969747;30.317548 59.969800;30.317548 59.969800),43,19,3,0,15,0,n/a,empty,0
LINESTRING(30.317548 59.969800;30.317245 59.969291;30.317601 59.969237;30.317904 59.969747;30.317548 59.969800;30.317548 59.969800),44,19,4,0,15,0,n/a,empty,0
LINESTRING(30.316339 59.970398;30.316299 59.970289;30.316520 59.970267;30.316566 59.970378;30.316339 59.970398;30.316339 59.970398),46,21,1,0,16,n/a,n/a,empty,0
LINESTRING(30.316238 59.969786;30.316325 59.969988;30.316173 59.970004;30.316090 59.969803;30.316238 59.969786;30.316238 59.969786),47,21,1,0,17,n/a,n/a,empty,0
LINESTRING(30.316173 59.970004;30.316394 59.969981;30.316520 59.970267;30.316299 59.970289;30.316173 59.970004;30.316173 59.970004),48,21,1,3,17,1,laborotory,production,1
LINESTRING(30.316173 59.970004;30.316394 59.969981;30.316520 59.970267;30.316299 59.970289;30.316173 59.970004;30.316173 59.970004),49,21,2,3,17,1,laborotory,production,1
LINESTRING(30.316010 59.969787;30.316054 59.969908;30.315705 59.969939;30.315666 59.969817;30.316010 59.969787;30.316010 59.969787),50,22,1,3,18,1,stolovaya,restaurant,1
LINESTRING(30.316054 59.969908;30.316161 59.970204;30.315807 59.970233;30.315705 59.969939;30.316054 59.969908;30.316054 59.969908),51,22,1,0,19,n/a,n/a,empty,0
LINESTRING(30.316054 59.969908;30.316161 59.970204;30.315807 59.970233;30.315705 59.969939;30.316054 59.969908;30.316054 59.969908),52,22,2,0,19,n/a,n/a,empty,0
LINESTRING(30.315807 59.970233;30.315880 59.970459;30.316284 59.970424;30.316201 59.970200;30.315807 59.970233;30.315807 59.970233),53,22,1,2,19,1,FabLab,education,1
LINESTRING(30.315807 59.970233;30.315880 59.970459;30.316284 59.970424;30.316201 59.970200;30.315807 59.970233;30.315807 59.970233),54,22,2,3,19,1,n/a,office,1
LINESTRING(30.315807 59.970233;30.315880 59.970459;30.316284 59.970424;30.316201 59.970200;30.315807 59.970233;30.315807 59.970233),55,22,3,3,19,1,n/a,office,1
LINESTRING(30.315411 59.970552;30.315527 59.970542;30.315542 59.970582;30.315703 59.970567;30.315692 59.970521;30.315788 59.970511;30.315542 59.969886;30.315200 59.969919;30.315300 59.970192;30.315250 59.970198;30.315269 59.970280;30.315311 59.970276;30.315411 59.970552;30.315411 59.970552),56,23,1,3,20,1,poligraphy,production,1
LINESTRING(30.315411 59.970552;30.315527 59.970542;30.315542 59.970582;30.315703 59.970567;30.315692 59.970521;30.315788 59.970511;30.315542 59.969886;30.315200 59.969919;30.315300 59.970192;30.315250 59.970198;30.315269 59.970280;30.315311 59.970276;30.315411 59.970552;30.315411 59.970552),57,23,2,3,20,1,n/a,office,1
LINESTRING(30.315411 59.970552;30.315527 59.970542;30.315542 59.970582;30.315703 59.970567;30.315692 59.970521;30.315788 59.970511;30.315542 59.969886;30.315200 59.969919;30.315300 59.970192;30.315250 59.970198;30.315269 59.970280;30.315311 59.970276;30.315411 59.970552;30.315411 59.970552),58,23,3,3,21,1,n/a,office,1
LINESTRING(30.314461 59.969920;30.314680 59.969893;30.314689 59.969928;30.315025 59.969897;30.315204 59.970554;30.315050 59.970564;30.315056 59.970600;30.314970 59.970606;30.314961 59.970571;30.314745 59.970584;30.314785 59.970729;30.314650 59.970734;30.314461 59.969920;30.314461 59.969920),59,11,1,3,22,1,KEY,service,1
LINESTRING(30.314461 59.969920;30.314680 59.969893;30.314689 59.969928;30.315025 59.969897;30.315204 59.970554;30.315050 59.970564;30.315056 59.970600;30.314970 59.970606;30.314961 59.970571;30.314745 59.970584;30.314785 59.970729;30.314650 59.970734;30.314461 59.969920;30.314461 59.969920),60,11,2,0,22,n/a,n/a,empty,1
LINESTRING(30.314461 59.969920;30.314680 59.969893;30.314689 59.969928;30.315025 59.969897;30.315204 59.970554;30.315050 59.970564;30.315056 59.970600;30.314970 59.970606;30.314961 59.970571;30.314745 59.970584;30.314785 59.970729;30.314650 59.970734;30.314461 59.969920;30.314461 59.969920),61,11,3,0,22,n/a,n/a,empty,1
LINESTRING(30.314461 59.969920;30.314680 59.969893;30.314689 59.969928;30.315025 59.969897;30.315204 59.970554;30.315050 59.970564;30.315056 59.970600;30.314970 59.970606;30.314961 59.970571;30.314745 59.970584;30.314785 59.970729;30.314650 59.970734;30.314461 59.969920;30.314461 59.969920),62,11,4,0,22,n/a,n/a,empty,1
LINESTRING(30.314461 59.969920;30.314680 59.969893;30.314689 59.969928;30.315025 59.969897;30.315204 59.970554;30.315050 59.970564;30.315056 59.970600;30.314970 59.970606;30.314961 59.970571;30.314745 59.970584;30.314785 59.970729;30.314650 59.970734;30.314461 59.969920;30.314461 59.969920),63,11,5,0,22,n/a,n/a,empty,1
LINESTRING(30.316484 59.969069;30.316621 59.969052;30.316605 59.969019;30.316864 59.968986;30.316882 59.969024;30.317038 59.969004;30.316920 59.968769;30.316358 59.968839;30.316484 59.969069;30.316484 59.969069),74,4,1,3,23,1,sklad,production,1
LINESTRING(30.316484 59.969069;30.316621 59.969052;30.316605 59.969019;30.316864 59.968986;30.316882 59.969024;30.317038 59.969004;30.316920 59.968769;30.316358 59.968839;30.316484 59.969069;30.316484 59.969069),75,4,2,0,23,1,sklad,empty,1
LINESTRING(30.316484 59.969069;30.316621 59.969052;30.316605 59.969019;30.316864 59.968986;30.316882 59.969024;30.317038 59.969004;30.316920 59.968769;30.316358 59.968839;30.316484 59.969069;30.316484 59.969069),76,4,3,0,23,1,sklad,empty,1
LINESTRING(30.316484 59.969069;30.316621 59.969052;30.316605 59.969019;30.316864 59.968986;30.316882 59.969024;30.317038 59.969004;30.316920 59.968769;30.316358 59.968839;30.316484 59.969069;30.316484 59.969069),77,4,4,0,23,1,sklad,empty,1
LINESTRING(30.315015 59.969158;30.314943 59.969013;30.316358 59.968839;30.316484 59.969069;30.316161 59.969112;30.316278 59.969345;30.315713 59.969411;30.315601 59.969186;30.315547 59.969193;30.315500 59.969097;30.315015 59.969158;30.315015 59.969158),78,9,1,2,24,3,a2,entertainment,3
LINESTRING(30.314943 59.969013;30.316358 59.968839;30.316484 59.969069;30.315547 59.969193;30.315500 59.969097;30.315015 59.969158;30.314943 59.969013;30.314943 59.969013),79,9,2,3,24,1,a2,office,1
LINESTRING(30.314943 59.969013;30.316358 59.968839;30.316484 59.969069;30.315547 59.969193;30.315500 59.969097;30.315015 59.969158;30.314943 59.969013;30.314943 59.969013),80,9,3,0,25,n/a,n/a,empty,0
LINESTRING(30.314943 59.969013;30.316358 59.968839;30.316484 59.969069;30.315547 59.969193;30.315500 59.969097;30.315015 59.969158;30.314943 59.969013;30.314943 59.969013),81,9,4,2,25,4,tseh22,art,2
LINESTRING(30.315265 59.969485;30.315373 59.969699;30.316715 59.969531;30.316484 59.969069;30.316161 59.969112;30.316278 59.969345;30.315412 59.969448;30.315421 59.969465;30.315265 59.969485;30.315265 59.969485),84,9,3,0,26,n/a,n/a,empty,0
LINESTRING(30.315265 59.969485;30.315373 59.969699;30.316715 59.969531;30.316484 59.969069;30.316161 59.969112;30.316278 59.969345;30.315412 59.969448;30.315421 59.969465;30.315265 59.969485;30.315265 59.969485),82,9,1,3,26,1,sklad,production,1
LINESTRING(30.315265 59.969485;30.315373 59.969699;30.316715 59.969531;30.316484 59.969069;30.316161 59.969112;30.316278 59.969345;30.315412 59.969448;30.315421 59.969465;30.315265 59.969485;30.315265 59.969485),83,9,2,0,26,n/a,n/a,empty,0
LINESTRING(30.315148 59.969257;30.315239 59.969401;30.315376 59.969382;30.315412 59.969448;30.315627 59.969421;30.315558 59.969291;30.315649 59.969281;30.315601 59.969186;30.315547 59.969193;30.315148 59.969257;30.315148 59.969257),87,9,3,3,27,1,n/a,office,1
LINESTRING(30.315148 59.969257;30.315239 59.969401;30.315376 59.969382;30.315412 59.969448;30.315627 59.969421;30.315558 59.969291;30.315649 59.969281;30.315601 59.969186;30.315547 59.969193;30.315148 59.969257;30.315148 59.969257),85,9,1,3,27,1,n/a,retail,1
LINESTRING(30.315148 59.969257;30.315239 59.969401;30.315376 59.969382;30.315412 59.969448;30.315627 59.969421;30.315558 59.969291;30.315649 59.969281;30.315601 59.969186;30.315547 59.969193;30.315148 59.969257;30.315148 59.969257),86,9,2,3,27,1,n/a,office,1
LINESTRING(30.314461 59.969920;30.314680 59.969893;30.314729 59.969413;30.314495 59.969415;30.314471 59.969575;30.314461 59.969920;30.314461 59.969920),88,10,1,3,28,4,vasabi,restaurant,2
LINESTRING(30.314495 59.969415;30.314779 59.969415;30.314782 59.969367;30.314732 59.969362;30.314730 59.969297;30.314774 59.969242;30.314888 59.969198;30.315015 59.969158;30.314937 59.968997;30.314804 59.969010;30.314833 59.969079;30.314704 59.969113;30.314626 59.969145;30.314544 59.969186;30.314509 59.969256;30.314495 59.969415;30.314495 59.969415),89,10,1,3,28,1,bc karpovka,office,2
LINESTRING(30.314461 59.969920;30.314680 59.969893;30.314729 59.969413;30.314779 59.969415;30.314782 59.969367;30.314732 59.969362;30.314730 59.969297;30.314774 59.969242;30.314888 59.969198;30.315015 59.969158;30.314937 59.968997;30.314804 59.969010;30.314833 59.969079;30.314704 59.969113;30.314626 59.969145;30.314544 59.969186;30.314509 59.969256;30.314495 59.969415;30.314471 59.969575;30.314461 59.969920;30.314461 59.969920),92,10,4,3,28,1,bc karpovka,office,2
LINESTRING(30.314461 59.969920;30.314680 59.969893;30.314729 59.969413;30.314779 59.969415;30.314782 59.969367;30.314732 59.969362;30.314730 59.969297;30.314774 59.969242;30.314888 59.969198;30.315015 59.969158;30.314937 59.968997;30.314804 59.969010;30.314833 59.969079;30.314704 59.969113;30.314626 59.969145;30.314544 59.969186;30.314509 59.969256;30.314495 59.969415;30.314471 59.969575;30.314461 59.969920;30.314461 59.969920),90,10,2,3,28,1,bc karpovka,office,2
LINESTRING(30.314461 59.969920;30.314680 59.969893;30.314729 59.969413;30.314779 59.969415;30.314782 59.969367;30.314732 59.969362;30.314730 59.969297;30.314774 59.969242;30.314888 59.969198;30.315015 59.969158;30.314937 59.968997;30.314804 59.969010;30.314833 59.969079;30.314704 59.969113;30.314626 59.969145;30.314544 59.969186;30.314509 59.969256;30.314495 59.969415;30.314471 59.969575;30.314461 59.969920;30.314461 59.969920),91,10,3,3,28,1,bc karpovka,office,2
LINESTRING(30.315399 59.968632;30.315948 59.968562;30.315964 59.968622;30.315428 59.968689;30.315399 59.968632;30.315399 59.968632),98,6,2,0,29,n/a,n/a,empty,0
LINESTRING(30.315399 59.968632;30.315948 59.968562;30.315964 59.968622;30.315428 59.968689;30.315399 59.968632;30.315399 59.968632),97,6,1,0,29,n/a,n/a,empty,0
LINESTRING(30.315087 59.968671;30.315241 59.968979;30.315545 59.968941;30.315508 59.968867;30.315602 59.968855;30.315547 59.968746;30.315462 59.968757;30.315399 59.968632;30.315087 59.968671;30.315087 59.968671),96,8,4,0,29,n/a,n/a,empty,0
LINESTRING(30.315087 59.968671;30.315241 59.968979;30.315545 59.968941;30.315508 59.968867;30.315602 59.968855;30.315547 59.968746;30.315462 59.968757;30.315399 59.968632;30.315087 59.968671;30.315087 59.968671),93,8,1,0,29,n/a,n/a,empty,0
LINESTRING(30.315087 59.968671;30.315241 59.968979;30.315545 59.968941;30.315508 59.968867;30.315602 59.968855;30.315547 59.968746;30.315462 59.968757;30.315399 59.968632;30.315087 59.968671;30.315087 59.968671),94,8,2,0,29,n/a,n/a,empty,0
LINESTRING(30.315087 59.968671;30.315241 59.968979;30.315545 59.968941;30.315508 59.968867;30.315602 59.968855;30.315547 59.968746;30.315462 59.968757;30.315399 59.968632;30.315087 59.968671;30.315087 59.968671),95,8,3,0,29,n/a,n/a,empty,0
LINESTRING(30.315571 59.968368;30.315597 59.968497;30.315916 59.968475;30.315978 59.968678;30.316266 59.968658;30.316170 59.968326;30.315571 59.968368;30.315571 59.968368),103,3,5,3,30,1,n/a,office,1
LINESTRING(30.315571 59.968368;30.315597 59.968497;30.315916 59.968475;30.315978 59.968678;30.316266 59.968658;30.316170 59.968326;30.315571 59.968368;30.315571 59.968368),99,3,1,3,30,1,n/a,office,1
LINESTRING(30.315571 59.968368;30.315597 59.968497;30.315916 59.968475;30.315978 59.968678;30.316266 59.968658;30.316170 59.968326;30.315571 59.968368;30.315571 59.968368),100,3,2,3,30,1,n/a,office,1
LINESTRING(30.315571 59.968368;30.315597 59.968497;30.315916 59.968475;30.315978 59.968678;30.316266 59.968658;30.316170 59.968326;30.315571 59.968368;30.315571 59.968368),101,3,3,3,30,1,n/a,office,1
LINESTRING(30.315571 59.968368;30.315597 59.968497;30.315916 59.968475;30.315978 59.968678;30.316266 59.968658;30.316170 59.968326;30.315571 59.968368;30.315571 59.968368),102,3,4,3,30,1,n/a,office,1
LINESTRING(30.315783 59.968055;30.316103 59.968037;30.316134 59.968196;30.315818 59.968213;30.315783 59.968055;30.315783 59.968055),108,5,5,3,31,1,n/a,office,1
LINESTRING(30.315783 59.968055;30.316103 59.968037;30.316134 59.968196;30.315818 59.968213;30.315783 59.968055;30.315783 59.968055),104,5,1,3,31,1,pelmennaya,restaurant,2
LINESTRING(30.315783 59.968055;30.316103 59.968037;30.316134 59.968196;30.315818 59.968213;30.315783 59.968055;30.315783 59.968055),105,5,2,3,31,1,n/a,office,1
LINESTRING(30.315783 59.968055;30.316103 59.968037;30.316134 59.968196;30.315818 59.968213;30.315783 59.968055;30.315783 59.968055),106,5,3,3,31,1,n/a,office,1
LINESTRING(30.315783 59.968055;30.316103 59.968037;30.316134 59.968196;30.315818 59.968213;30.315783 59.968055;30.315783 59.968055),107,5,4,3,31,1,n/a,office,1
LINESTRING(30.318019 59.970557;30.318034 59.970747;30.318862 59.970720;30.318863 59.970763;30.318978 59.970760;30.318972 59.970714;30.319092 59.970709;30.318920 59.970344;30.318626 59.970360;30.318712 59.970540;30.318259 59.970569;30.318251 59.970534;30.318019 59.970557;30.318019 59.970557),125,14,7,2,32,1,med college,education,1
LINESTRING(30.318019 59.970557;30.318034 59.970747;30.318862 59.970720;30.318863 59.970763;30.318978 59.970760;30.318972 59.970714;30.319092 59.970709;30.318920 59.970344;30.318626 59.970360;30.318712 59.970540;30.318259 59.970569;30.318251 59.970534;30.318019 59.970557;30.318019 59.970557),119,14,1,2,32,1,med college,education,1
LINESTRING(30.318019 59.970557;30.318034 59.970747;30.318862 59.970720;30.318863 59.970763;30.318978 59.970760;30.318972 59.970714;30.319092 59.970709;30.318920 59.970344;30.318626 59.970360;30.318712 59.970540;30.318259 59.970569;30.318251 59.970534;30.318019 59.970557;30.318019 59.970557),120,14,2,2,32,1,med college,education,1
LINESTRING(30.318019 59.970557;30.318034 59.970747;30.318862 59.970720;30.318863 59.970763;30.318978 59.970760;30.318972 59.970714;30.319092 59.970709;30.318920 59.970344;30.318626 59.970360;30.318712 59.970540;30.318259 59.970569;30.318251 59.970534;30.318019 59.970557;30.318019 59.970557),121,14,3,2,32,1,med college,education,1
LINESTRING(30.318019 59.970557;30.318034 59.970747;30.318862 59.970720;30.318863 59.970763;30.318978 59.970760;30.318972 59.970714;30.319092 59.970709;30.318920 59.970344;30.318626 59.970360;30.318712 59.970540;30.318259 59.970569;30.318251 59.970534;30.318019 59.970557;30.318019 59.970557),122,14,4,2,32,1,med college,education,1
LINESTRING(30.318019 59.970557;30.318034 59.970747;30.318862 59.970720;30.318863 59.970763;30.318978 59.970760;30.318972 59.970714;30.319092 59.970709;30.318920 59.970344;30.318626 59.970360;30.318712 59.970540;30.318259 59.970569;30.318251 59.970534;30.318019 59.970557;30.318019 59.970557),123,14,5,2,32,1,med college,education,1
LINESTRING(30.318019 59.970557;30.318034 59.970747;30.318862 59.970720;30.318863 59.970763;30.318978 59.970760;30.318972 59.970714;30.319092 59.970709;30.318920 59.970344;30.318626 59.970360;30.318712 59.970540;30.318259 59.970569;30.318251 59.970534;30.318019 59.970557;30.318019 59.970557),124,14,6,2,32,1,med college,education,1
LINESTRING(30.318374 59.970004;30.318528 59.970366;30.318920 59.970344;30.318714 59.969976;30.318374 59.970004;30.318374 59.970004),132,15,7,3,33,1,proektnii institut,production,1
LINESTRING(30.318374 59.970004;30.318528 59.970366;30.318920 59.970344;30.318714 59.969976;30.318374 59.970004;30.318374 59.970004),126,15,1,3,33,1,proektnii institut,production,1
LINESTRING(30.318374 59.970004;30.318528 59.970366;30.318920 59.970344;30.318714 59.969976;30.318374 59.970004;30.318374 59.970004),127,15,2,3,33,1,proektnii institut,production,1
LINESTRING(30.318374 59.970004;30.318528 59.970366;30.318920 59.970344;30.318714 59.969976;30.318374 59.970004;30.318374 59.970004),128,15,3,3,33,1,proektnii institut,production,1
LINESTRING(30.318374 59.970004;30.318528 59.970366;30.318920 59.970344;30.318714 59.969976;30.318374 59.970004;30.318374 59.970004),129,15,4,3,33,1,proektnii institut,production,1
LINESTRING(30.318374 59.970004;30.318528 59.970366;30.318920 59.970344;30.318714 59.969976;30.318374 59.970004;30.318374 59.970004),130,15,5,3,33,1,proektnii institut,production,1
LINESTRING(30.318374 59.970004;30.318528 59.970366;30.318920 59.970344;30.318714 59.969976;30.318374 59.970004;30.318374 59.970004),131,15,6,3,33,1,proektnii institut,production,1
LINESTRING(30.318714 59.969976;30.318666 59.969891;30.317805 59.969984;30.317943 59.970302;30.318168 59.970284;30.318163 59.970325;30.318330 59.970308;30.318358 59.970304;30.318197 59.970020;30.318374 59.970004;30.318714 59.969976;30.318714 59.969976),139,15,7,3,33,1,government,office,1
LINESTRING(30.318714 59.969976;30.318666 59.969891;30.317805 59.969984;30.317943 59.970302;30.318168 59.970284;30.318163 59.970325;30.318330 59.970308;30.318358 59.970304;30.318197 59.970020;30.318374 59.970004;30.318714 59.969976;30.318714 59.969976),133,15,1,3,33,1,government,office,1
LINESTRING(30.318714 59.969976;30.318666 59.969891;30.317805 59.969984;30.317943 59.970302;30.318168 59.970284;30.318163 59.970325;30.318330 59.970308;30.318358 59.970304;30.318197 59.970020;30.318374 59.970004;30.318714 59.969976;30.318714 59.969976),134,15,2,3,33,1,government,office,1
LINESTRING(30.318714 59.969976;30.318666 59.969891;30.317805 59.969984;30.317943 59.970302;30.318168 59.970284;30.318163 59.970325;30.318330 59.970308;30.318358 59.970304;30.318197 59.970020;30.318374 59.970004;30.318714 59.969976;30.318714 59.969976),135,15,3,3,33,1,government,office,1
LINESTRING(30.318714 59.969976;30.318666 59.969891;30.317805 59.969984;30.317943 59.970302;30.318168 59.970284;30.318163 59.970325;30.318330 59.970308;30.318358 59.970304;30.318197 59.970020;30.318374 59.970004;30.318714 59.969976;30.318714 59.969976),136,15,4,3,33,1,government,office,1
LINESTRING(30.318714 59.969976;30.318666 59.969891;30.317805 59.969984;30.317943 59.970302;30.318168 59.970284;30.318163 59.970325;30.318330 59.970308;30.318358 59.970304;30.318197 59.970020;30.318374 59.970004;30.318714 59.969976;30.318714 59.969976),137,15,5,3,33,1,government,office,1
LINESTRING(30.318714 59.969976;30.318666 59.969891;30.317805 59.969984;30.317943 59.970302;30.318168 59.970284;30.318163 59.970325;30.318330 59.970308;30.318358 59.970304;30.318197 59.970020;30.318374 59.970004;30.318714 59.969976;30.318714 59.969976),138,15,6,3,33,1,government,office,1
LINESTRING(30.315597 59.968220;30.315551 59.968128;30.315344 59.968154;30.315326 59.968118;30.314841 59.968178;30.315087 59.968671;30.315310 59.968643;30.315261 59.968544;30.315210 59.968551;30.315078 59.968285;30.315597 59.968220),73,7,1,2,35,1,colledge1st fl,education,2
LINESTRING(30.315597 59.968220;30.315551 59.968128;30.315344 59.968154;30.315326 59.968118;30.314841 59.968178;30.315087 59.968671;30.315310 59.968643;30.315261 59.968544;30.315210 59.968551;30.315078 59.968285;30.315597 59.968220),83,7,2,2,35,1,colledge2nd fl,education,2
LINESTRING(30.315597 59.968220;30.315551 59.968128;30.315344 59.968154;30.315326 59.968118;30.314841 59.968178;30.315087 59.968671;30.315310 59.968643;30.315261 59.968544;30.315210 59.968551;30.315078 59.968285;30.315597 59.968220),86,7,3,2,35,1,colledge3rd fl,education,2
LINESTRING(30.315597 59.968220;30.315551 59.968128;30.315344 59.968154;30.315326 59.968118;30.314841 59.968178;30.315087 59.968671;30.315310 59.968643;30.315261 59.968544;30.315210 59.968551;30.315078 59.968285;30.315597 59.968220),4,7,4,2,35,1,colledge4th fl,education,2
LINESTRING(30.317561 59.969911;30.318233 59.969851;30.318264 59.969925;30.317590 59.969990;30.317561 59.969911;30.317561 59.969911),118,24,4,3,36,1,n/a,office,1
LINESTRING(30.317561 59.969911;30.318233 59.969851;30.318264 59.969925;30.317590 59.969990;30.317561 59.969911;30.317561 59.969911),115,24,1,3,36,1,n/a,office,1
LINESTRING(30.317561 59.969911;30.318233 59.969851;30.318264 59.969925;30.317590 59.969990;30.317561 59.969911;30.317561 59.969911),116,24,2,3,36,1,n/a,office,1
LINESTRING(30.317561 59.969911;30.318233 59.969851;30.318264 59.969925;30.317590 59.969990;30.317561 59.969911;30.317561 59.969911),117,24,3,3,36,1,n/a,office,1
LINESTRING(30.316286 59.969648;30.316744 59.969585;30.316870 59.969800;30.316817 59.969806;30.316870 59.969896;30.316963 59.969887;30.317070 59.970091;30.316932 59.970110;30.317036 59.970300;30.316694 59.970350;30.316286 59.969648;30.316286 59.969648),45,20,1,0,41,n/a,cotelnaya,empty,0
